{"cameraMode":{"drawMode":0,"name":"Shaded","section":"Shading Mode"},"sceneLighting":true,"audioPlay":false,"sceneViewState":{"m_AlwaysRefresh":false,"showFog":true,"showSkybox":true,"showFlares":true,"showImageEffects":true,"showParticleSystems":true,"showVisualEffectGraphs":true,"m_FxEnabled":true},"in2DMode":false,"pivot":{"x":250.79388427734376,"y":148.10609436035157,"z":-0.733489990234375},"rotation":{"x":0.2157774120569229,"y":0.010252435691654683,"z":-0.0022657441440969707,"w":0.9763863682746887},"size":292.95294189453127,"orthographic":true}